{"38_0.4953294691693303_73_entropy_None": 0.897, "45_0.25965295529286125_871_gini_None": 0.8945, "39_0.3536874177475291_72_gini_None": 0.8965, "35_0.4785177076983256_75_entropy_log2": 0.8975, "34_0.10853890453596911_72_entropy_sqrt": 0.895, "38_0.7490537585297755_78_gini_None": 0.8945, "36_0.2678717811581416_74_gini_log2": 0.895, "38_0.7437505289214167_73_entropy_sqrt": 0.8985, "38_0.6222902843250193_72_gini_log2": 0.897, "37_0.6234691908848309_72_entropy_sqrt": 0.897, "34_0.4345521014567574_78_gini_sqrt": 0.8975, "35_0.7592338541993032_77_gini_sqrt": 0.896, "98_0.3908517219941403_610_entropy_log2": 0.8975, "31_0.7033589993373778_834_gini_log2": 0.8965, "63_0.8083691807251765_628_gini_sqrt": 0.8975, "61_0.9157731409121949_761_entropy_None": 0.897, "57_0.1665939695561264_768_gini_log2": 0.8975, "94_0.2642561544111848_688_gini_None": 0.896, "38_0.8309765951955419_74_gini_sqrt": 0.898, "61_0.2583728260993092_808_gini_None": 0.895, "37_0.5951622777011842_773_gini_None": 0.896, "73_0.48608672798831554_193_entropy_log2": 0.898, "98_0.9125578852919798_610_entropy_sqrt": 0.898, "86_0.49239460125193146_885_entropy_log2": 0.898, "87_0.25389202839485786_344_entropy_sqrt": 0.8985, "34_0.3526363405946161_79_entropy_log2": 0.8975, "64_0.22088008807735754_394_entropy_sqrt": 0.8985, "86_0.8225129316496436_885_gini_sqrt": 0.898, "98_0.7462923947256317_610_gini_None": 0.8955, "72_0.4807325984118753_194_gini_sqrt": 0.8975, "93_0.8972010678062589_823_gini_None": 0.895, "47_0.7922334344546738_277_entropy_None": 0.8965, "18_0.23016169942953718_335_gini_None": 0.896, "38_0.6503946122531851_74_entropy_log2": 0.897, "64_0.3704580352689405_394_entropy_sqrt": 0.898, "86_0.33211152590237136_884_gini_None": 0.8955, "82_0.7532204675936485_459_gini_log2": 0.8975, "16_0.27982757069434405_377_gini_None": 0.895, "87_0.9628696395861593_885_entropy_sqrt": 0.8985, "64_0.447197135048783_395_entropy_log2": 0.8975, "73_0.8196452557827966_194_entropy_sqrt": 0.8975, "87_0.4382957479236753_344_entropy_sqrt": 0.897, "38_0.25362240331046826_73_gini_sqrt": 0.8975, "86_0.23573201143635658_343_gini_None": 0.894, "65_0.28760661075825944_395_gini_log2": 0.896, "39_0.4243694948668647_74_gini_log2": 0.895, "76_0.4704737233375671_768_gini_sqrt": 0.897, "40_0.737190610436478_832_gini_log2": 0.897, "59_0.9790192273605962_869_gini_None": 0.8955, "86_0.9549507264560401_885_entropy_sqrt": 0.8975, "44_0.4842884222058963_378_gini_sqrt": 0.8975, "71_0.12151329121962627_105_entropy_None": 0.8985, "63_0.45463122281295787_629_entropy_log2": 0.8985, "67_0.27928677396226226_466_gini_log2": 0.8975, "28_0.28080793323125386_717_entropy_None": 0.898, "30_0.8266680382667214_516_gini_None": 0.8955, "19_0.32453425052932156_629_entropy_None": 0.8965, "49_0.7470490074877814_673_gini_None": 0.8965, "68_0.3879572263483083_239_gini_sqrt": 0.897, "49_0.4737898274773177_795_gini_sqrt": 0.8975, "59_0.9376984147341137_413_gini_sqrt": 0.897, "92_0.35780885069155777_806_entropy_sqrt": 0.898, "89_0.6340634303925566_778_gini_None": 0.896, "18_0.9102323867447084_615_entropy_log2": 0.8975, "34_0.9755381996730144_881_gini_log2": 0.896, "66_0.9579570643168283_367_entropy_None": 0.8985, "48_0.14738494932658042_525_gini_log2": 0.8965, "38_0.994680172912391_507_gini_sqrt": 0.896, "24_0.36216958095944096_572_entropy_None": 0.897, "54_0.8122240036783512_558_entropy_log2": 0.8975, "51_0.6163577052494227_951_gini_log2": 0.8975, "27_0.6342721988202626_616_gini_None": 0.896, "85_0.10724294065476407_365_gini_sqrt": 0.897, "63_0.4815310535390863_495_entropy_None": 0.898, "42_0.8654279975916322_638_entropy_sqrt": 0.898, "18_0.5215917045138609_58_entropy_sqrt": 0.898, "94_0.6454002770254591_72_gini_log2": 0.898, "22_0.946876111692899_985_gini_log2": 0.896, "14_0.517810529165397_645_gini_None": 0.895, "38_0.26402264878146287_72_gini_sqrt": 0.897, "46_0.9471347460560093_867_entropy_None": 0.898, "63_0.22025921548893507_554_entropy_None": 0.897, "12_0.3437500638392901_96_gini_sqrt": 0.896, "93_0.17642140736590828_666_gini_None": 0.895, "55_0.5971925233577772_144_entropy_log2": 0.897, "78_0.4646871121023959_728_entropy_None": 0.898, "38_0.91014376112722_74_entropy_sqrt": 0.899, "98_0.9417252253937782_610_entropy_log2": 0.898, "45_0.8774347071669488_867_entropy_log2": 0.897, "73_0.3278795312971138_193_entropy_None": 0.8965, "88_0.40282509924437215_921_entropy_sqrt": 0.899, "64_0.20815395493816485_629_gini_log2": 0.8965, "66_0.8245114114191782_366_entropy_log2": 0.897, "94_0.43348169430894856_71_gini_sqrt": 0.8955, "16_0.358993131870312_256_entropy_log2": 0.8985, "41_0.5457185510226596_749_gini_None": 0.895, "82_0.38610493867868456_846_entropy_None": 0.897, "32_0.6276991360692568_59_gini_None": 0.8965, "34_0.31962007007300497_339_entropy_sqrt": 0.8975, "91_0.5684700689543954_618_entropy_sqrt": 0.8975}