{"38_01412_0.4953294691693303_01412_73_01412_entropy_01412_None": 0.897, "45_01412_0.25965295529286125_01412_871_01412_gini_01412_None": 0.8945, "39_01412_0.3536874177475291_01412_72_01412_gini_01412_None": 0.8965, "35_01412_0.4785177076983256_01412_75_01412_entropy_01412_log2": 0.8975, "34_01412_0.10853890453596911_01412_72_01412_entropy_01412_sqrt": 0.895, "38_01412_0.7490537585297755_01412_78_01412_gini_01412_None": 0.8945, "36_01412_0.2678717811581416_01412_74_01412_gini_01412_log2": 0.895, "38_01412_0.7437505289214167_01412_73_01412_entropy_01412_sqrt": 0.8985, "38_01412_0.6222902843250193_01412_72_01412_gini_01412_log2": 0.897, "37_01412_0.6234691908848309_01412_72_01412_entropy_01412_sqrt": 0.897, "34_01412_0.4345521014567574_01412_78_01412_gini_01412_sqrt": 0.8975, "35_01412_0.7592338541993032_01412_77_01412_gini_01412_sqrt": 0.896, "98_01412_0.3908517219941403_01412_610_01412_entropy_01412_log2": 0.8975, "31_01412_0.7033589993373778_01412_834_01412_gini_01412_log2": 0.8965, "63_01412_0.8083691807251765_01412_628_01412_gini_01412_sqrt": 0.8975, "61_01412_0.9157731409121949_01412_761_01412_entropy_01412_None": 0.897, "57_01412_0.1665939695561264_01412_768_01412_gini_01412_log2": 0.8975, "94_01412_0.2642561544111848_01412_688_01412_gini_01412_None": 0.896, "38_01412_0.8309765951955419_01412_74_01412_gini_01412_sqrt": 0.898, "61_01412_0.2583728260993092_01412_808_01412_gini_01412_None": 0.895, "37_01412_0.5951622777011842_01412_773_01412_gini_01412_None": 0.896, "73_01412_0.48608672798831554_01412_193_01412_entropy_01412_log2": 0.898, "98_01412_0.9125578852919798_01412_610_01412_entropy_01412_sqrt": 0.898, "86_01412_0.49239460125193146_01412_885_01412_entropy_01412_log2": 0.898, "87_01412_0.25389202839485786_01412_344_01412_entropy_01412_sqrt": 0.8985, "34_01412_0.3526363405946161_01412_79_01412_entropy_01412_log2": 0.8975, "64_01412_0.22088008807735754_01412_394_01412_entropy_01412_sqrt": 0.8985, "86_01412_0.8225129316496436_01412_885_01412_gini_01412_sqrt": 0.898, "98_01412_0.7462923947256317_01412_610_01412_gini_01412_None": 0.8955, "72_01412_0.4807325984118753_01412_194_01412_gini_01412_sqrt": 0.8975, "93_01412_0.8972010678062589_01412_823_01412_gini_01412_None": 0.895, "47_01412_0.7922334344546738_01412_277_01412_entropy_01412_None": 0.8965, "18_01412_0.23016169942953718_01412_335_01412_gini_01412_None": 0.896, "38_01412_0.6503946122531851_01412_74_01412_entropy_01412_log2": 0.897, "64_01412_0.3704580352689405_01412_394_01412_entropy_01412_sqrt": 0.898, "86_01412_0.33211152590237136_01412_884_01412_gini_01412_None": 0.8955, "82_01412_0.7532204675936485_01412_459_01412_gini_01412_log2": 0.8975, "16_01412_0.27982757069434405_01412_377_01412_gini_01412_None": 0.895, "87_01412_0.9628696395861593_01412_885_01412_entropy_01412_sqrt": 0.8985, "64_01412_0.447197135048783_01412_395_01412_entropy_01412_log2": 0.8975, "73_01412_0.8196452557827966_01412_194_01412_entropy_01412_sqrt": 0.8975, "87_01412_0.4382957479236753_01412_344_01412_entropy_01412_sqrt": 0.897, "38_01412_0.25362240331046826_01412_73_01412_gini_01412_sqrt": 0.8975, "86_01412_0.23573201143635658_01412_343_01412_gini_01412_None": 0.894, "65_01412_0.28760661075825944_01412_395_01412_gini_01412_log2": 0.896, "39_01412_0.4243694948668647_01412_74_01412_gini_01412_log2": 0.895, "76_01412_0.4704737233375671_01412_768_01412_gini_01412_sqrt": 0.897, "40_01412_0.737190610436478_01412_832_01412_gini_01412_log2": 0.897, "59_01412_0.9790192273605962_01412_869_01412_gini_01412_None": 0.8955, "86_01412_0.9549507264560401_01412_885_01412_entropy_01412_sqrt": 0.8975, "44_01412_0.4842884222058963_01412_378_01412_gini_01412_sqrt": 0.8975, "71_01412_0.12151329121962627_01412_105_01412_entropy_01412_None": 0.8985, "63_01412_0.45463122281295787_01412_629_01412_entropy_01412_log2": 0.8985, "67_01412_0.27928677396226226_01412_466_01412_gini_01412_log2": 0.8975, "28_01412_0.28080793323125386_01412_717_01412_entropy_01412_None": 0.898, "30_01412_0.8266680382667214_01412_516_01412_gini_01412_None": 0.8955, "19_01412_0.32453425052932156_01412_629_01412_entropy_01412_None": 0.8965, "49_01412_0.7470490074877814_01412_673_01412_gini_01412_None": 0.8965, "68_01412_0.3879572263483083_01412_239_01412_gini_01412_sqrt": 0.897, "49_01412_0.4737898274773177_01412_795_01412_gini_01412_sqrt": 0.8975, "59_01412_0.9376984147341137_01412_413_01412_gini_01412_sqrt": 0.897, "92_01412_0.35780885069155777_01412_806_01412_entropy_01412_sqrt": 0.898, "89_01412_0.6340634303925566_01412_778_01412_gini_01412_None": 0.896, "18_01412_0.9102323867447084_01412_615_01412_entropy_01412_log2": 0.8975, "34_01412_0.9755381996730144_01412_881_01412_gini_01412_log2": 0.896, "66_01412_0.9579570643168283_01412_367_01412_entropy_01412_None": 0.8985, "48_01412_0.14738494932658042_01412_525_01412_gini_01412_log2": 0.8965, "38_01412_0.994680172912391_01412_507_01412_gini_01412_sqrt": 0.896, "24_01412_0.36216958095944096_01412_572_01412_entropy_01412_None": 0.897, "54_01412_0.8122240036783512_01412_558_01412_entropy_01412_log2": 0.8975, "51_01412_0.6163577052494227_01412_951_01412_gini_01412_log2": 0.8975, "27_01412_0.6342721988202626_01412_616_01412_gini_01412_None": 0.896, "85_01412_0.10724294065476407_01412_365_01412_gini_01412_sqrt": 0.897, "63_01412_0.4815310535390863_01412_495_01412_entropy_01412_None": 0.898, "42_01412_0.8654279975916322_01412_638_01412_entropy_01412_sqrt": 0.898, "18_01412_0.5215917045138609_01412_58_01412_entropy_01412_sqrt": 0.898, "94_01412_0.6454002770254591_01412_72_01412_gini_01412_log2": 0.898, "22_01412_0.946876111692899_01412_985_01412_gini_01412_log2": 0.896, "14_01412_0.517810529165397_01412_645_01412_gini_01412_None": 0.895, "38_01412_0.26402264878146287_01412_72_01412_gini_01412_sqrt": 0.897, "46_01412_0.9471347460560093_01412_867_01412_entropy_01412_None": 0.898, "63_01412_0.22025921548893507_01412_554_01412_entropy_01412_None": 0.897, "12_01412_0.3437500638392901_01412_96_01412_gini_01412_sqrt": 0.896, "93_01412_0.17642140736590828_01412_666_01412_gini_01412_None": 0.895, "55_01412_0.5971925233577772_01412_144_01412_entropy_01412_log2": 0.897, "78_01412_0.4646871121023959_01412_728_01412_entropy_01412_None": 0.898, "38_01412_0.91014376112722_01412_74_01412_entropy_01412_sqrt": 0.899, "98_01412_0.9417252253937782_01412_610_01412_entropy_01412_log2": 0.898, "45_01412_0.8774347071669488_01412_867_01412_entropy_01412_log2": 0.897, "73_01412_0.3278795312971138_01412_193_01412_entropy_01412_None": 0.8965, "88_01412_0.40282509924437215_01412_921_01412_entropy_01412_sqrt": 0.899, "64_01412_0.20815395493816485_01412_629_01412_gini_01412_log2": 0.8965, "66_01412_0.8245114114191782_01412_366_01412_entropy_01412_log2": 0.897, "94_01412_0.43348169430894856_01412_71_01412_gini_01412_sqrt": 0.8955, "16_01412_0.358993131870312_01412_256_01412_entropy_01412_log2": 0.8985, "41_01412_0.5457185510226596_01412_749_01412_gini_01412_None": 0.895, "82_01412_0.38610493867868456_01412_846_01412_entropy_01412_None": 0.897, "32_01412_0.6276991360692568_01412_59_01412_gini_01412_None": 0.8965, "34_01412_0.31962007007300497_01412_339_01412_entropy_01412_sqrt": 0.8975, "91_01412_0.5684700689543954_01412_618_01412_entropy_01412_sqrt": 0.8975}