{"Grey Wolf Optimizer": {"Algo Name": "Grey Wolf Optimizer", "Train Time": 393.90338468551636, "Test Time": 0.192551851272583, "Best Estimator": 500, "Best Para": {"n_estimators": 500}, "Best Score": 0.7471835985536772}, "Bat Algorithm": {"Algo Name": "Bat Algorithm", "Train Time": 386.4774103164673, "Test Time": 0.23188447952270508, "Best Estimator": 600, "Best Para": {"n_estimators": 600}, "Best Score": 0.7477900996641154}, "Hybrid Bat Algorithm": {"Algo Name": "Hybrid Bat Algorithm", "Train Time": 378.29180216789246, "Test Time": 0.11646080017089844, "Best Estimator": 300, "Best Para": {"n_estimators": 300}, "Best Score": 0.7459705229154048}, "Firefly Algorithm": {"Algo Name": "Firefly Algorithm", "Train Time": 384.3153009414673, "Test Time": 0.2232038974761963, "Best Estimator": 600, "Best Para": {"n_estimators": 600}, "Best Score": 0.7508198153552484}, "Hybrid Self Adaptive Bat Algorithm": {"Algo Name": "Hybrid Self Adaptive Bat Algorithm", "Train Time": 384.3364064693451, "Test Time": 0.08123612403869629, "Best Estimator": 200, "Best Para": {"n_estimators": 200}, "Best Score": 0.7488809353376282}}